dsm_dem,ndvi_re,slope,l,K,resource,twi,ic,rain,CID
0.1126654,0.653118,0.642457,0.1344753,0.0915633,0,0.297213,0.257678,0.636855,0
0.1030597,0.680265,0.484036,0.1354579,0.210083,0,0.165098,0.253096,0.862306,0
0.0061004,0.724416,0.247706,0.0909902,0.40533,0,0.306583,0.292982,0.262379,0
0,0.162213,0.888228,0.0926746,0.468383,0,0.228463,0.246464,0.238321,0
0.0124881,0.326711,0.514505,0.0909687,0.119426,0,0.17025,0.256103,0.42925,0
0,0.179996,0.784245,0.0912257,0.468383,0,0.120389,0.227669,0.24665,0
0.0188661,0.244315,0.462581,0.0901436,0.119426,0,0.238519,0.247581,0.379323,0
0.0004987,0.287075,0.424437,0.0886576,0.119426,0,0.211247,0.250307,0.41829,0
0.0097471,0.339076,0.289976,0.0885916,0.119426,0,0.204727,0.262383,0.624718,0
0.0052557,0.256665,0.460727,0.0900856,0.330882,0,0.318384,0.267564,0.633023,0
0.0268446,0.22033,0.919873,0.0943723,0.119426,0,0.174807,0.238931,0.339578,0
0.0100565,0.254198,0.489718,0.0868423,0.330882,0,0.315565,0.246069,0.599534,0
0.0214256,0.273445,0.524017,0.0887223,0.119426,0,0.23101,0.273327,0.424445,0
0.0019178,0.331787,0.959557,0.0950404,0.119426,0,0.18451,0.227973,0.487337,0
0.0155912,0.365778,0.570473,0.0864129,0.119426,0,0.19217,0.223927,0.595427,0
0.0142645,0.389226,0.539938,0.0925147,0.119426,0,0.147333,0.240255,0.595594,0
0.0126612,0.352622,0.511227,0.0877109,0.330882,0,0.218265,0.243399,0.604767,0
0.0253126,0.335558,0.671718,0.1020598,0.468383,0,0.292112,0.25882,0.138383,0
0,0.39708,0.70862,0.0838884,0.119426,0,0.195325,0.224506,0.343322,0
0.0032116,0.212979,0.64039,0.090152,0.119426,0,0.185308,0.268423,0.350609,0
0.0031822,0.397284,0.332323,0.0861669,0.119426,0,0.18795,0.247443,0.37857,0
0.0085327,0.464899,0.638755,0.0884235,0.119426,0,0.2029,0.239606,0.494828,0
0.0009861,0.118679,0.667827,0.0886784,0.377649,0,0.13473,0.21104,0.385384,0
0.0193288,0.235405,0.400361,0.0894047,0.119426,0,0.273303,0.250316,0.52952,0
0.0044034,0.199234,0.411548,0.0895013,0.330882,0,0.235406,0.25952,0.561565,0
0.0050709,0.165153,0.95294,0.0903347,0.119426,0,0.0758242,0.236448,0.523172,0
0.0245349,0.0902911,0.497191,0.1148841,0.495205,0,0.171857,0.205461,0.0926064,0
0.0221451,0.232531,0.550985,0.0942563,0.377649,0,0.19401,0.270488,0.340501,0
0.0179994,0.0635509,0.639924,0.0921878,0.377649,0,0.137645,0.25516,0.398454,0
0.020214,0.304132,0.626064,0.0896419,0.377649,0,0.186759,0.265989,0.40264,0
0.0074429,0.277498,0.456527,0.0885766,0.377649,0,0.254918,0.249255,0.44881,0
0.0255782,0.107466,0.703074,0.1068282,0.495205,0,0.151378,0.270376,0.140554,0
0.0246615,0.315105,0.583281,0.0888925,0.377649,0,0.453162,0.26592,0.378761,0
0.0168418,0.052398,0.91977,0.0929643,0.495205,0,0.259941,0.208867,0.243376,0
0.0291564,0.164797,0.248689,0.419289,0.488383,0.0842278,0.177299,0.437162,0.103594,1
0.0003187,0.299225,0.372531,0.153665,0.139426,0.0542278,0.183766,0.373095,0.526428,1
0.0076893,0.265326,0.441685,0.1080763,0.139426,0.0342278,0.263537,0.362653,0.638403,1
0.0026852,0.250399,0.467561,0.0957847,0.139426,0.0342278,0.273394,0.377797,0.633333,1
0.0064324,0.306429,0.235796,0.1015045,0.350882,0.0342278,0.297299,0.313811,0.62823,1
0.0074203,0.230049,0.388895,0.1392986,0.350882,0.0242278,0.395274,0.391309,0.617778,1
0.0050846,0.302932,0.398964,0.1037157,0.139426,0.0342278,0.272237,0.325031,0.588846,1
0.0087901,0.247099,0.370621,0.1099247,0.350882,0.0242278,0.651306,0.355903,0.609772,1
0.0161662,0.281296,0.429853,0.1433753,0.350882,0.0142278,0.291604,0.367388,0.609135,1
0.0123662,0.276065,0.40168,0.1152429,0.350882,0.0342278,0.271972,0.369735,0.606325,1
0.0090646,0.276065,0.434351,0.1230762,0.350882,0.0242278,0.280851,0.38159,0.605891,1
0.0086894,0.276065,0.459558,0.1237538,0.350882,0.0542278,0.292099,0.378087,0.605891,1
0.0039783,0.102049,0.391779,0.1244505,0.139426,0.2542278,0.282383,0.394599,0.514839,1
0.0008061,0.102049,0.291827,0.0939351,0.139426,0.2542278,0.318527,0.294608,0.514742,1
0.0140406,0.234238,0.458972,0.1337894,0.350882,0.1542278,0.280904,0.380171,0.592138,1
0.0011477,0.0665083,0.46584,0.1265132,0.139426,0.0354278,0.265869,0.356465,0.524243,1
0.0020348,0.131842,0.954683,0.0966147,0.139426,0.0242278,0.22561,0.257692,0.507263,1
0.0268446,0.0962729,0.419076,0.1379091,0.488383,0.0342278,0.208644,0.294629,0.177135,1
0.0272642,0.0609211,0.466673,0.19992,0.488383,0.0542278,0.204147,0.386185,0.187479,1
0.0143494,0.0590258,0.322707,0.168945,0.397649,0.0542278,0.307253,0.406597,0.372033,1
0.0106548,0.0609867,0.569997,0.1240179,0.397649,0.0542278,0.194504,0.341101,0.413233,1
0.0074374,0.198826,0.480702,0.10598,0.397649,0.0542278,0.243936,0.349184,0.442847,1
0.0100681,0.115893,0.600064,0.1076085,0.397649,0.0542278,0.191615,0.34272,0.4321,1
0.0054809,0.139304,0.702411,0.1262314,0.397649,0.0542278,0.180906,0.363446,0.450591,1
0.0003262,0.634829,0.251015,0.0899184,0.631592,0.000051,0.197541,0.25023,0.828047,0
0.003558,0.431468,0.43724,0.154783,0.334961,0.0001465,0.26976,0.379775,0.473961,1
0.0249388,0.452695,0.645984,0.0869255,0.667692,0.0001975,0.331354,0.250602,0.963496,0
0.024537,0.576711,0.129951,0.1003618,0.615049,0.0002357,0.230248,0.299157,0.459828,0
0.0184492,0.53012,0.46426,0.0868449,0.195979,0.0002612,0.154372,0.257565,0.919991,0
0.0062397,0.660942,0.304621,0.0583444,1.019924,0.0002612,0.220464,0.314643,0.351585,0
0.0065783,0.810919,0.487025,0.0892373,0.1115633,0.000293,0.300393,0.356589,0.847451,1
0,0.390435,0.456346,0.0847058,0.330882,0.0003249,0.35729,0.225991,0.71706,0
0.0105833,0.500491,0.57451,0.0873209,0.219831,0.0003695,0.176643,0.335745,0.930662,1
0,0.598898,0.413649,0.0911236,0.615049,0.0003886,0.179715,0.285345,0.411697,0
0.0090423,0.595387,0.840504,0.0677753,0.219831,0.0003981,0.245429,0.303956,0.946644,1
0.0308417,0.49907,0.424018,0.0963852,0.354176,0.0004141,0.350899,0.286149,0.358458,0
0.0038565,0.554627,0.463052,0.0875317,0.967189,0.000516,0.207601,0.252389,0.92019,1
0.0107103,0.791636,0.415278,0.0867039,0.0915633,0.0005224,0.13901,0.259517,0.835095,0
0.0005788,0.456151,0.184813,0.0887215,0.667692,0.0005224,0.269001,0.257459,0.986235,0
0.0071499,0.473904,0.331314,0.0886805,0.314961,0.0005224,0.215222,0.253056,0.719957,0
0.0011651,0.70303,0.299891,0.0842727,0.651592,0.0005224,0.334687,0.377195,0.992373,1
0,0.572559,0.586581,0.0628054,0.635049,0.0005224,0.19292,0.314148,0.442259,0
0.1228602,0.843379,0.475135,0.0889428,0.585014,0.0005733,0.181069,0.273726,0.508595,0
0.0186854,0.404929,0.599183,0.0895601,0.119426,0.0005861,0.199387,0.27647,0.460605,0
0.0028536,0.476989,0.330989,0.0808637,0.139426,0.0006689,0.353891,0.332873,0.697487,1
0.0020335,0.381638,0.57039,0.17036,0.40425,0.0006944,0.177035,0.272198,0.774312,1
0.000676,0.544108,0.369513,0.0903765,0.615049,0.0007804,0.163523,0.298128,0.589507,0
0.0006493,0.692892,0.328359,0.1037608,0.1115633,0.0007835,0.16783,0.401603,0.777395,1
0.0283732,0.493834,0.315435,0.094727,0.354176,0.0008536,0.299884,0.281834,0.257886,0
0.0022334,0.700881,0.405848,0.0802357,0.687692,0.000911,0.18047,0.3117,0.996638,1
0.0510523,0.66875,0.538455,0.0817924,0.635049,0.0010415,0.16802,0.35605,0.467447,1
0.0270301,0.545921,0.242835,0.0899007,0.631592,0.0010447,0.323931,0.269681,0.951408,0
0.0256672,0.469271,0.263745,0.0897511,0.314961,0.0010447,0.343742,0.282554,0.70209,0
0.0823121,0.67917,0.0293443,0.1399196,0.0915633,0.0010638,0.28732,0.305459,0.653314,0
0.0011692,0.58137,0.595894,0.0898119,0.0915633,0.0010766,0.174588,0.284294,0.841402,0
0.0106377,0.572252,0.552903,0.084042,0.631592,0.0011084,0.166667,0.233694,0.965696,0
0.0800031,0.775274,0.216938,0.1377874,0.585014,0.0011148,0.421869,0.341068,0.435067,0
0,0.783391,0.665986,0.106378,0.1115633,0.0011244,0.155475,0.395492,0.784033,1
0.0108899,0.573424,0.489569,0.0924966,0.615049,0.0011339,0.184584,0.302824,0.318365,0
0.1142522,0.591194,0.394593,0.1367569,0.199831,0.0011435,0.182117,0.264112,0.920297,0
0.0001499,0.533631,0.344614,0.0619371,0.605014,0.0012995,0.360617,0.346941,0.399115,0
0.0053481,0.544527,0.149721,0.0902837,0.845978,0.0013027,0.193345,0.288203,0.692128,0
0.0271171,0.711083,0.679113,0.0865584,0.314961,0.0014015,0.25903,0.24538,0.6391,0
0.0014181,0.415735,0.388269,0.089596,0.119426,0.0014588,0.226781,0.270852,0.467181,0
0.0063592,0.326288,0.420669,0.0899217,0.119426,0.0014715,0.238771,0.242585,0.363141,0
0.0114119,0.405592,0.371809,0.0880588,0.139426,0.0015161,0.211002,0.330004,0.658842,1
0.0033776,0.580334,0.19854,0.0915874,0.314961,0.0015352,0.21712,0.272477,0.733029,0
0.0148012,0.477927,0.373217,0.0891142,0.119426,0.0015416,0.239186,0.273072,0.718133,0
0.0004474,0.820619,0.275361,0.1033226,0.1115633,0.0015575,0.19446,0.366651,0.843923,1
0.0614983,0.439034,0.330462,0.0883471,0.38425,0.0016053,0.20017,0.255158,0.815954,0
0.001555,0.530136,0.420428,0.1021404,0.354176,0.0016499,0.27989,0.308832,0.176307,0
0.002358,0.437741,0.279439,0.0942996,0.139426,0.0016818,0.249453,0.350968,0.662329,1
0.0054494,0.747823,0.581712,0.0895931,0.314961,0.0017455,0.211646,0.269414,0.455643,0
0.0362747,0.81605,0.325398,0.0878086,0.845978,0.0018251,0.168152,0.265612,0.495413,0
0.08,0.578554,0.513198,0.136102,0.210083,0.0018283,0.150371,0.245728,0.914948,0
0.000229,0.350215,0.455276,0.0894008,0.294437,0.0018283,0.155213,0.248042,0.112688,0
0.0296088,0.452063,0.303268,0.0886298,0.119426,0.0018283,0.170619,0.268654,0.718167,0
0.0229419,0.548926,0.543402,0.0849202,0.314961,0.0018983,0.179577,0.232216,0.647587,0
0.0247084,0.616964,0.217922,0.0862549,0.631592,0.0019047,0.181585,0.254612,0.979147,0
0.0130857,0.409769,0.232074,0.0918469,0.330882,0.0019111,0.321231,0.27663,0.72626,0
0.0438299,0.490934,0.536617,0.0903586,0.354176,0.0020194,0.168192,0.282075,0.341114,0
0.0039037,0.596672,0.339179,0.0844131,0.615049,0.0020289,0.166669,0.25465,0.373088,0
0.0480508,0.621923,0.467933,0.0864486,0.314961,0.0021404,0.174577,0.256544,0.614152,0
0.0807013,0.715431,0.110268,0.1587185,0.585014,0.0021914,0.203213,0.392499,0.378396,0
0.0984444,0.527385,0.288386,0.1833013,0.199831,0.0022806,0.152347,0.240159,0.926139,0
0.0807712,0.634002,0.0734361,0.1484742,0.585014,0.0023475,0.344771,0.387969,0.418198,0
0.023786,0.61351,0.438484,0.0912208,0.615049,0.0023475,0.248428,0.298316,0.331448,0
0.0051653,0.414705,0.506938,0.0895886,0.314961,0.0023506,0.150404,0.271163,0.429599,0
0.0100384,0.769742,0.607309,0.0857713,0.845978,0.002443,0.161455,0.259369,0.828721,0
0.0109084,0.633309,0.460678,0.0895495,0.845978,0.0025131,0.175255,0.279395,0.571964,0
0.0422177,0.787242,0.453211,0.0883344,0.845978,0.0025226,0.203118,0.261947,0.554958,0
0.0158075,0.730443,0.241591,0.0886049,0.845978,0.0025513,0.178248,0.287568,0.809396,0
0.0007037,0.46228,0.563036,0.165531,0.334961,0.0026468,0.165711,0.275028,0.683656,1
0.0209903,0.442512,0.463642,0.0955338,0.119426,0.0026883,0.15443,0.279791,0.658629,0
0.0273519,0.626474,0.690369,0.0707194,0.687692,0.0027583,0.152817,0.281648,0.963329,1
0.0490921,0.707359,0.247376,0.0875846,0.0915633,0.0028348,0.235159,0.261062,0.822825,0
0.0075517,0.433216,0.313516,0.091154,0.314961,0.0028666,0.19001,0.268885,0.716645,0
0.029958,0.395568,0.410789,0.0875306,0.314961,0.0028666,0.179991,0.26642,0.554468,0
0.0312737,0.504141,0.714004,0.0887635,0.40425,0.0028666,0.129559,0.280313,0.811028,1
0.0249402,0.437792,0.119711,0.16772,0.40425,0.002873,0.200176,0.395193,0.806984,1
0.0001003,0.574783,0.385671,0.0594474,0.635049,0.0029049,0.232451,0.32146,0.38654,0
0.0002153,0.649692,0.21771,0.1023758,0.865978,0.0029526,0.24326,0.230034,0.700615,1
0.0071882,0.482566,0.382669,0.0860094,0.947189,0.0029685,0.203297,0.24033,0.93009,0
0.0811223,0.58782,0.571334,0.1403545,0.585014,0.0030323,0.144925,0.322723,0.434415,0
0.0133924,0.469089,0.270703,0.180706,0.334961,0.0030832,0.222196,0.423379,0.520445,1
0.0885251,0.758764,0.455845,0.1372899,0.0915633,0.0031087,0.25449,0.25048,0.667802,0
0.0000277,0.614312,0.250902,0.0881245,0.40533,0.003131,0.248093,0.288478,0.200654,0
0.0107397,0.439006,0.492847,0.0870645,0.119426,0.0031469,0.267682,0.250793,0.571976,0
0.008176,0.589569,0.320964,0.093336,0.615049,0.0032329,0.168637,0.310993,0.341029,0
0,0.330856,0.46204,0.1273941,0.139426,0.0032616,0.374185,0.327816,0.667927,1
0.0007147,0.746363,0.428691,0.0891682,0.631592,0.0032775,0.198821,0.248657,0.844173,0
0.0802365,0.797325,0.142947,0.1364134,0.585014,0.0032934,0.236411,0.306812,0.373116,0
0.1156658,0.497013,0.480142,0.1373345,0.585014,0.0033157,0.203977,0.284915,0.524037,0
0.0870564,0.643414,0.120675,0.1515241,0.199831,0.0033412,0.237618,0.336396,0.895869,0
0.000153,0.328828,0.238349,0.161226,0.605014,0.0033922,0.178689,0.5099,0.392721,1
0.0413956,0.655136,0.53194,0.0897586,0.38425,0.0033954,0.232069,0.268534,0.8289,0
0.081429,0.558318,0.528376,0.1351456,0.010083,0.0034336,0.181528,0.275906,0.870911,0
0.0034094,0.398599,0.348845,0.0896359,0.314961,0.0034463,0.16565,0.264617,0.716393,0
0.007513,0.495848,0.622332,0.0805927,0.219831,0.0034686,0.20768,0.323597,0.913686,1
0.0809269,0.639485,0.471366,0.2428168,0.085014,0.0035674,0.166277,0.347502,0.465183,0
0,0.538455,0.498556,0.0855208,0.947189,0.0036502,0.273047,0.249859,0.899965,0
0.0075363,0.647952,0.304961,0.0850726,0.631592,0.0036534,0.223542,0.238544,0.83337,0
0.0025565,0.566213,0.568676,0.0786453,0.605014,0.0037011,0.348241,0.382141,0.450725,1
0.0003611,0.719371,0.417062,0.0837393,0.651592,0.0037903,0.216524,0.33184,0.960038,1
0.033608,0.390011,0.0214774,0.415368,0.314437,0.0038094,0.251446,0.460451,0.147917,1
0.0324922,0.625675,0.375957,0.0877025,0.314961,0.0039113,0.195441,0.248314,0.644241,0
0.0007746,0.404604,0.512824,0.119762,0.334961,0.0039942,0.170406,0.390949,0.535813,1
0.0273861,0.563183,0.43502,0.0871123,0.631592,0.0040037,0.157123,0.244581,0.866125,0
0.0247855,0.370154,0.399863,0.0880988,0.119426,0.004026,0.160505,0.239291,0.635168,0
0.0035238,0.406934,0.380485,0.377476,0.865978,0.0041566,0.182967,0.448597,0.699058,1
0,0.634829,0.178275,0.0939936,0.631592,0.0041757,0.329109,0.29292,0.829666,0
0.0282178,0.635577,0.338152,0.0866303,0.0915633,0.0043095,0.207874,0.259002,0.851216,0
0.0139222,0.442938,0.422784,0.0914032,0.314961,0.0043127,0.305411,0.279606,0.406875,0
0.0200955,0.521281,0.426022,0.0860541,0.667692,0.004319,0.252192,0.246688,0.986258,0
0.0202728,0.391396,0.489531,0.0935925,0.330882,0.0043573,0.15202,0.296153,0.700107,0
0.0007807,0.601893,0.382583,0.0591783,0.605014,0.004421,0.259921,0.323133,0.48573,0
0.0070157,0.524731,0.514599,0.0896893,0.615049,0.0044337,0.319172,0.278889,0.389701,0
0.0812336,0.603618,0.12006,0.1379949,0.585014,0.0044369,0.251172,0.311817,0.501469,0
0.001759,0.322302,0.360542,0.1057848,0.139426,0.0044401,0.276619,0.211138,0.579617,1
0.1150822,0.799348,0.729965,0.1354759,0.585014,0.0045229,0.128187,0.299444,0.50119,0
0.0014571,0.25915,0.458993,0.1283013,0.139426,0.0045993,0.216509,0.240741,0.635956,1
0.0901222,0.56197,0.306305,0.1367235,0.210083,0.0046949,0.203389,0.248424,0.91603,0
0.0007147,0.564566,0.20997,0.0877011,0.38425,0.0046949,0.182774,0.270714,0.866532,0
0.0102906,0.497083,0.519673,0.0904139,0.119426,0.0047013,0.16977,0.240142,0.665748,0
0.0136258,0.517757,0.367298,0.0849424,0.631592,0.0047459,0.25796,0.253992,0.894433,0
0.0007147,0.654958,0.129209,0.0903122,0.38425,0.0048255,0.218402,0.324107,0.827785,0
0.0004741,0.532417,0.128849,0.0890006,0.845978,0.0048382,0.197939,0.302269,0.581717,0
0.0246581,0.543134,0.554973,0.0863488,0.314961,0.0048987,0.193635,0.255384,0.614793,0
0.0232524,0.654208,0.472054,0.0907005,0.615049,0.0049147,0.349577,0.295512,0.403941,0
0.0043336,0.293894,0.3726,0.0911136,0.119426,0.004937,0.204307,0.22642,0.577258,0
0.0232548,0.524518,0.226956,0.0894468,0.667692,0.0049433,0.212846,0.287394,0.98254,0
0.0014016,0.449387,0.170541,0.1271086,0.294437,0.0049561,0.34502,0.3795,0.125726,0
0.0005747,0.294408,0.481444,0.1052267,0.139426,0.0049561,0.185339,0.399345,0.522767,1
0,0.597028,0.411427,0.0867223,0.314961,0.0049593,0.271562,0.256349,0.640877,0
0.0293782,0.550619,0.575676,0.0869622,0.845978,0.0050548,0.191675,0.274902,0.469783,0
0.0361991,0.578414,0.431249,0.0875974,0.38425,0.0052173,0.219126,0.254645,0.804905,0
0.0230528,0.667636,0.499793,0.0907841,0.687692,0.0052173,0.151067,0.362152,1.006269,1
0.004934,0.405567,0.306134,0.1292384,0.139426,0.0052173,0.403815,0.37909,0.510175,1
0.0804504,0.593892,0.0285987,0.1407863,0.085014,0.0052396,0.222949,0.32406,0.424538,0
0.1032404,0.464776,0.524096,0.1352712,0.210083,0.0053192,0.149358,0.253733,0.881401,0
0.0062332,0.570618,0.2264,0.0865114,0.845978,0.0053415,0.180357,0.24291,0.785326,0
0.0084471,0.481256,0.262326,0.0843382,0.947189,0.0053893,0.268485,0.236749,0.861967,0
0.0004162,0.619585,0.460867,0.0896518,0.615049,0.0054434,0.15469,0.267973,0.441461,0
0.0121334,0.554858,0.386402,0.0977412,0.687692,0.005453,0.16183,0.356414,0.99708,1
0.0531197,0.602601,0.360612,0.0865803,0.845978,0.0054784,0.164431,0.265658,0.530624,0
0.1319422,0.743054,0.906987,0.1387156,0.0915633,0.0054976,0.140252,0.262574,0.708875,0
0.008571,0.378618,0.497125,0.0873877,0.119426,0.0055294,0.309113,0.254339,0.743234,0
0.0155323,0.734767,0.573811,0.0885398,0.314961,0.0055867,0.144141,0.25428,0.635649,0
0.000141,0.506218,0.310366,0.0591494,0.605014,0.005625,0.222931,0.245972,0.490933,1
0.0865505,0.555906,0.49459,0.1389604,0.585014,0.0058511,0.193194,0.293219,0.474131,0
0.116948,0.435358,0.414554,0.1372444,0.085014,0.005969,0.340963,0.302615,0.543492,0
0.0018165,0.396841,0.462561,0.0946689,0.119426,0.0060518,0.202242,0.299932,0.680601,0
0.0279228,0.553679,0.522578,0.1038022,0.967189,0.0061792,0.231144,0.343404,0.921129,1
0.00764,0.351393,0.490694,0.0869561,0.314961,0.0061919,0.267882,0.24902,0.763892,0
0.0096078,0.513571,0.381675,0.0944436,0.615049,0.0062301,0.35031,0.316259,0.328382,0
0.0071413,0.678824,0.292049,0.0552026,0.635049,0.006262,0.263012,0.272987,0.442108,0
0.0047471,0.479239,0.334014,0.0918043,0.615049,0.0063416,0.199788,0.322263,0.374033,0
0.0222639,0.652408,0.431231,0.0863531,0.314961,0.0064276,0.228568,0.251226,0.645711,0
0.0173672,0.837356,0.250126,0.0883852,0.219831,0.0065232,0.17711,0.308979,0.911422,1
0.0056356,0.408601,0.486097,0.0923148,0.119426,0.0065423,0.213983,0.272779,0.436443,0
0.0812654,0.502922,0.599441,0.1385988,0.585014,0.0068194,0.237048,0.30587,0.456848,0
0.0226147,0.42757,0.363484,0.0881826,0.314961,0.0069245,0.196705,0.261446,0.749653,0
0.0000726,0.569844,0.180955,0.0937255,0.845978,0.0069404,0.281682,0.283634,0.66311,0
0.0002146,0.490572,0.224205,0.1190971,0.334961,0.0071602,0.180671,0.389441,0.595615,1
0.0027564,0.615891,0.4287,0.0867453,0.199831,0.0072303,0.157724,0.25181,0.945186,0
0.0033287,0.683229,0.425159,0.0861476,0.631592,0.0072812,0.236296,0.257535,0.96804,0
0.0040283,0.88489,0.692517,0.0838921,0.947189,0.0073067,0.179739,0.234099,0.914583,0
0.0020246,0.577583,0.250976,0.0867853,0.845978,0.007364,0.242134,0.247744,0.638525,0
0.0002547,0.439102,0.398739,0.159127,0.865978,0.0074564,0.201711,0.458384,0.725808,1
0.0006668,0.419868,0.684714,0.0913889,0.314961,0.0075647,0.234696,0.260542,0.674108,0
0.0113606,0.747001,0.487053,0.0783735,0.687692,0.0075934,0.172798,0.280686,1.003988,1
0.0182582,0.569658,0.430171,0.0875498,0.38425,0.0076125,0.237863,0.25445,0.767498,0
0.0309786,0.529743,0.455442,0.0881972,0.314961,0.0077845,0.216842,0.253797,0.720057,0
0.0005863,0.696211,0.449407,0.1028831,0.1115633,0.0078068,0.2209,0.415406,0.722095,1
0.0014051,0.651526,0.365867,0.0927569,0.651592,0.0078577,0.163893,0.341596,0.990537,1
0.0044055,0.385259,0.472159,0.1140739,0.40425,0.0078609,0.211321,0.37066,0.823267,1
0.0009194,0.814413,0.759721,0.0680189,0.1115633,0.0079597,0.164919,0.245107,0.766886,1
0,0.28136,0.372179,0.0753315,0.967189,0.0080584,0.311792,0.327798,0.828802,1
0.0489302,0.625408,0.641338,0.0966529,0.651592,0.0080743,0.170068,0.373156,0.886627,1
0.0036353,0.656264,0.393009,0.0891842,0.314961,0.0080839,0.342349,0.271606,0.476126,0
0.0060874,0.390758,0.448298,0.0866816,0.38425,0.0081922,0.208985,0.248417,0.809105,0
0.0002016,0.458211,0.550101,0.1086063,0.967189,0.0082622,0.211518,0.369836,0.855415,1
0.0028649,0.546778,0.472956,0.0687679,0.605014,0.0083482,0.335262,0.375255,0.515544,0
0.0604879,0.487815,0.584745,0.0869806,0.967189,0.0083514,0.184192,0.336689,0.830093,1
0.0008999,0.286131,0.466118,0.1231871,0.139426,0.0083769,0.227863,0.27382,0.624014,1
0.0495244,0.617377,0.434717,0.0899578,0.845978,0.0084024,0.204863,0.287253,0.566878,0
0.00018,0.401326,0.265322,0.167354,0.865978,0.0084374,0.324088,0.354829,0.490274,1
0.0007845,0.700169,0.441957,0.1168182,0.1115633,0.0086094,0.189035,0.386579,0.835007,1
0.0002981,0.553027,0.177053,0.1406494,0.219831,0.0086158,0.188151,0.426772,0.942292,1
0.0026468,0.579377,0.595795,0.0899479,0.314961,0.0091095,0.220264,0.264454,0.500062,0
0.001607,0.347411,0.441938,0.0902715,0.119426,0.0093898,0.406018,0.252739,0.551353,0
0.0263237,0.445144,0.542526,0.0895297,0.314961,0.0096573,0.208736,0.268176,0.49369,0
0.0176736,0.425105,0.465627,0.0898195,0.314961,0.0097338,0.36887,0.268902,0.473528,0
0.0025065,0.514115,0.544901,0.076736,0.230083,0.0097847,0.208513,0.254169,0.918613,1
0.0001944,0.673143,0.31745,0.1335664,0.651592,0.0098102,0.234161,0.417967,0.930375,1
0.0168418,0.354401,0.207424,0.0895787,0.119426,0.0099121,0.386138,0.236914,0.720357,0
0.0070828,0.783975,0.575778,0.0998672,0.219831,0.0099344,0.191665,0.313224,0.916606,1
0.0275148,0.559988,0.384223,0.169263,0.40425,0.0100778,0.294436,0.256896,0.839546,1
0.000448,0.519937,0.539377,0.0989361,0.219831,0.0101733,0.147386,0.354008,0.909844,1
0.0209026,0.590125,0.234434,0.0881856,0.845978,0.0101988,0.240872,0.277276,0.671517,0
0.001529,0.451498,0.0278611,0.240071,0.865978,0.0102466,0.243724,0.40679,0.707689,1
0.0015057,0.550054,0.434432,0.0868637,0.687692,0.0103517,0.157179,0.342057,0.991392,1
0.0006993,0.527136,0.0551564,0.0529394,0.844665,0.0105014,0.223424,0.225415,0.364174,1
0.0283089,0.631201,0.374654,0.0912158,0.314961,0.0105683,0.163004,0.272821,0.577393,0
0.0134916,0.696605,0.129752,0.0898057,0.1115633,0.0106129,0.631228,0.397449,0.831955,1
0.0072519,0.627101,0.613407,0.0975319,0.687692,0.0106638,0.172875,0.365877,0.998478,1
0.0163743,0.482548,0.579224,0.200742,0.334961,0.0107881,0.321388,0.42393,0.515235,1
0.0171639,0.747511,0.0505391,0.1011943,0.687692,0.010855,0.226027,0.387147,1.000087,1
0.0021485,0.644537,0.46206,0.0896019,0.845978,0.0108645,0.255405,0.269644,0.544953,0
0.0008896,0.364725,0.464165,0.1076869,0.139426,0.0110078,0.174929,0.365051,0.509745,1
0.0126318,0.461209,0.457145,0.0854304,0.38425,0.0110397,0.216682,0.233206,0.781856,0
0.0237237,0.598196,0.365102,0.0860249,0.38425,0.0111161,0.318727,0.25077,0.846466,0
0.0299046,0.374261,0.37363,0.1105358,0.350882,0.011148,0.210818,0.298504,0.696536,1
0.0006767,0.676549,0.551173,0.090244,0.615049,0.0111862,0.193992,0.263347,0.505789,0
0.0234204,0.398282,0.614578,0.170427,0.40425,0.0111862,0.181288,0.403805,0.771676,1
0,0.394242,0.167926,0.1050875,0.139426,0.0111926,0.189799,0.286951,0.509728,1
0.0277386,0.723033,0.468176,0.0720096,0.687692,0.0112181,0.248219,0.320687,0.967862,1
0.0012052,0.61977,0.590113,0.0873615,0.845978,0.0112276,0.175148,0.247036,0.592959,0
0.0008649,0.760297,0.521617,0.1310249,0.219831,0.0112563,0.169589,0.37188,0.927603,1
0.0016611,0.595493,0.456425,0.0870974,0.314961,0.0112881,0.304807,0.257841,0.740758,0
0.1124415,0.651186,0.611953,0.4363554,0.085014,0.0116003,0.198685,0.263706,0.559339,0
0.0020674,0.49866,0.424469,0.0882391,0.865978,0.0116353,0.215814,0.220424,0.696149,1
0.0285628,0.397267,0.493063,0.08817,0.967189,0.0116576,0.258736,0.343625,0.788145,1
0.0072389,0.419608,0.534914,0.0917084,0.354176,0.0116895,0.188899,0.276639,0.252783,0
0.0068257,0.646233,0.398222,0.0876423,0.1115633,0.0117277,0.213781,0.360962,0.782836,1
0.0000654,0.557083,0.253731,0.0856896,0.845978,0.0117404,0.197186,0.247841,0.750175,0
0.0248922,0.78462,0.732657,0.1168793,0.967189,0.0117404,0.203344,0.408244,0.91778,1
0.0085313,0.760981,0.226179,0.0902895,0.40533,0.0117436,0.200937,0.289424,0.308576,0
0.0133609,0.759062,0.462638,0.1011253,0.1115633,0.0120048,0.286225,0.363514,0.765381,1
0.0463285,0.587389,0.513348,0.0797213,0.230083,0.0123329,0.460257,0.405632,0.936922,1
0.0360831,0.729199,0.461235,0.0891908,0.314961,0.0124794,0.289653,0.26463,0.491094,0
0.0202126,0.402189,0.593065,0.0890269,0.119426,0.0124921,0.359309,0.263415,0.476958,0
0.0094911,0.667636,0.422206,0.0877809,0.687692,0.012594,0.226604,0.35076,1.005837,1
0.0271855,0.419951,0.483819,0.0868725,0.38425,0.0126068,0.173098,0.243371,0.800389,0
0.0130586,0.610047,0.551014,0.0875286,0.845978,0.01261,0.20794,0.255135,0.508117,0
0.113224,0.632141,0.556318,0.1349814,0.199831,0.0127851,0.166893,0.237114,0.875947,0
0.0476093,0.521833,0.187074,0.123032,0.334961,0.0129189,0.334965,0.409226,0.532513,1
0.0034563,0.62215,0.384535,0.0860976,0.0915633,0.0130463,0.215131,0.257933,0.847145,0
0.0014834,0.78001,0.526625,0.1174767,0.1115633,0.0130463,0.235862,0.387019,0.788219,1
0.001071,0.610331,0.606898,0.1115127,0.334961,0.0133585,0.22314,0.361038,0.497663,1
0.0012476,0.353144,0.433649,0.1475285,0.40425,0.0134349,0.189821,0.372772,0.765841,1
0.0021861,0.802013,0.694301,0.0916237,0.1115633,0.0134986,0.229531,0.300448,0.788143,1
0.0001787,0.343305,0.30257,0.0991378,0.865978,0.0135814,0.211795,0.235056,0.705377,1
0.012781,0.362228,0.480841,0.0911529,0.119426,0.0136069,0.223912,0.275205,0.549855,0
0.0048432,0.729048,0.506573,0.0848408,0.219831,0.0136388,0.208124,0.313067,0.884286,1
0.1345124,0.872097,0.53417,0.1392406,0.0915633,0.0136929,0.303335,0.269937,0.817735,0
0.0072173,0.636012,0.132286,0.0870591,0.667692,0.0143522,0.250253,0.253628,0.980389,0
0.0066447,0.480391,0.89682,0.0868877,0.119426,0.0143522,0.171796,0.219502,0.565039,0
0,0.386264,0.778122,0.0908837,0.947189,0.0146134,0.197312,0.273119,0.83047,0
0.0037949,0.703665,0.464934,0.0878617,0.687692,0.0148173,0.385976,0.346915,0.98546,1
0.0358582,0.491401,0.670856,0.0841937,0.38425,0.0148364,0.202665,0.23447,0.849818,0
0.0072334,0.780535,0.539802,0.0621434,0.40425,0.0148682,0.147346,0.253961,0.879197,1
0.0290133,0.52378,0.444789,0.222147,0.40425,0.0149829,0.344261,0.412419,0.821317,1
0.0027399,0.540671,0.257137,0.1189982,0.967189,0.0150466,0.208766,0.383745,0.924961,1
0.0012959,0.660189,0.671998,0.0721608,0.1115633,0.0153237,0.195927,0.283654,0.748535,1
0.014642,0.583679,0.293895,0.0963334,0.615049,0.0153938,0.462765,0.342044,0.365699,0
0.006493,0.631726,0.318005,0.0873421,0.631592,0.0156008,0.189511,0.250869,0.878775,0
0.0315434,0.481745,0.483125,0.0852377,0.947189,0.0157792,0.185183,0.2443,0.879891,0
0.0133321,0.687482,0.519929,0.0902639,0.845978,0.0157824,0.214334,0.288839,0.435811,0
0.0417413,0.633805,0.683127,0.0889479,0.845978,0.0158301,0.271596,0.277638,0.646819,0
0.0149217,0.539669,0.31227,0.0885083,0.631592,0.0158747,0.169601,0.254703,0.957586,0
0.0052632,0.415452,0.294471,0.0820878,0.139426,0.0158747,0.171633,0.338387,0.655188,1
0.0005795,0.595387,0.214176,0.1106749,0.219831,0.0159193,0.443901,0.424212,0.946705,1
0.0091241,0.563551,0.629058,0.0781313,0.687692,0.0161741,0.212411,0.341742,0.98274,1
0.0048628,0.394103,0.255616,0.0897837,0.119426,0.0161805,0.438345,0.264598,0.590882,0
0.0136309,0.613124,0.114116,0.0985694,0.687692,0.0162155,0.315126,0.379768,1.000446,1
0.0346232,0.54325,0.50436,0.0949995,0.314961,0.0165691,0.244856,0.291341,0.592907,0
0.000344,0.629126,0.622229,0.0618989,1.019924,0.0165946,0.251076,0.295081,0.34738,0
0.0383582,0.618316,0.515425,0.165559,0.334961,0.0167029,0.202732,0.384884,0.508747,1
0.0265906,0.39597,0.174816,0.0870368,0.139426,0.0167156,0.209096,0.351881,0.656237,1
0.0301113,0.332906,0.771176,0.1107752,0.967189,0.0167284,0.233058,0.363211,0.801849,1
0.0005377,0.353397,0.49255,0.0968704,0.119426,0.016894,0.216875,0.214858,0.646102,0
0.0157616,0.718524,0.206452,0.1426463,0.1115633,0.0170564,0.183312,0.439111,0.812039,1
0.0388038,0.778395,0.522993,0.1105816,0.219831,0.0171998,0.214049,0.34092,0.894088,1
0.0077584,0.468706,0.468623,0.0895819,0.615049,0.0173176,0.201676,0.290254,0.37617,0
0.0259513,0.373955,0.731662,0.0891244,0.119426,0.017359,0.12743,0.249024,0.484577,0
0.0115482,0.594789,0.306701,0.0995223,0.230083,0.0176202,0.299381,0.34542,0.90674,1
0.0801061,0.484753,0.183125,0.1659545,0.585014,0.0177954,0.310466,0.420131,0.464835,0
0.004108,0.815893,0.458028,0.0873565,0.314961,0.0178463,0.258608,0.283776,0.461494,0
0.0258034,0.610331,0.511005,0.169184,0.334961,0.0187541,0.218286,0.399622,0.504598,1
0.0314363,0.742862,0.557957,0.0842183,0.845978,0.0187796,0.235897,0.2379,0.660463,0
0.020037,0.472564,0.509458,0.0796915,0.219831,0.0194421,0.467397,0.304552,0.915009,1
0.0122649,0.401239,0.334144,0.1267928,0.139426,0.0195695,0.256013,0.381104,0.700066,1
0.0088195,0.419392,0.718783,0.1099118,0.334961,0.0196969,0.228814,0.352833,0.587771,1
0.0004682,0.432113,0.120641,0.1076202,0.651592,0.019716,0.232509,0.443744,0.836375,1
0.0346369,0.499742,0.483716,0.0875382,0.845978,0.0198275,0.15256,0.273439,0.520058,0
0.0013246,0.510723,0.0325229,0.394812,0.865978,0.0198307,0.373815,0.450284,0.725607,1
0.0049391,0.615718,0.379434,0.088876,0.845978,0.0198402,0.230783,0.224453,0.730112,0
0.0069945,0.773369,0.475811,0.0816903,0.651592,0.0199517,0.185863,0.293814,0.990631,1
0.0114431,0.508936,0.665731,0.0869162,0.631592,0.0200154,0.17605,0.250245,0.950896,0
0.0139328,0.553988,0.60438,0.0906472,0.615049,0.0200568,0.246591,0.306471,0.330295,0
0.0125989,0.59587,0.322632,0.0515765,0.219831,0.020353,0.168454,0.218064,0.896199,1
0.0039906,0.590521,0.67603,0.1492376,0.865978,0.0204841,0.382064,0.408008,0.618448,1
0.0008218,0.566213,0.538307,0.0795487,0.605014,0.0208754,0.255172,0.379812,0.450725,1
0.000231,0.34293,0.152336,0.381671,0.314437,0.0209778,0.304993,0.434243,0.194074,1
0.0005203,0.421788,0.333284,0.0993905,0.651592,0.0210447,0.167298,0.34111,0.886594,1
0.053565,0.467646,0.615722,0.0908259,0.314961,0.0212321,0.187789,0.261884,0.382899,0
0.0105141,0.748742,0.40877,0.0654027,0.651592,0.0213277,0.366834,0.280016,0.95681,1
0.0016241,0.360662,0.420919,0.0593499,0.139426,0.0213787,0.191036,0.220041,0.576641,1
0.0903365,0.643797,0.192966,0.137202,0.199831,0.0213946,0.165451,0.26979,0.902655,0
0,0.623698,0.482878,0.206696,0.334961,0.0216913,0.152638,0.43002,0.675044,1
0.0030925,0.489167,0.689906,0.0754371,0.230083,0.022073,0.13232,0.315063,0.972908,1
0.0047484,0.737625,0.546703,0.0881628,0.615049,0.0221208,0.211836,0.262225,0.466986,0
0.0003063,0.466995,0.181817,0.381641,0.865978,0.0222519,0.187321,0.400698,0.65048,1
0.0336621,0.380788,0.726252,0.152959,0.139426,0.0222641,0.160661,0.376698,0.37445,1
0.0131439,0.447132,0.512924,0.0971588,0.354176,0.0223215,0.170396,0.278733,0.236778,0
0,0.622027,0.233864,0.0635967,0.314437,0.0223506,0.220403,0.242977,0.198017,1
0.0010902,0.718524,0.39997,0.1455772,0.1115633,0.0225731,0.193062,0.442254,0.812532,1
0.0036668,0.619917,0.539256,0.1242435,0.967189,0.0226973,0.195108,0.380888,0.929525,1
0.0339448,0.652846,0.694885,0.0812895,0.687692,0.0227355,0.202846,0.26491,0.979466,1
0.0003536,0.428268,0.364905,0.1253154,0.967189,0.0229585,0.19656,0.267045,0.861683,1
0.0005843,0.63854,0.428179,0.0866218,0.845978,0.023156,0.205485,0.276572,0.552114,0
0.0022265,0.471277,0.303913,0.0855825,0.38425,0.0235828,0.252737,0.240576,0.845348,0
0.0049962,0.309976,0.531338,0.0903876,0.119426,0.0236656,0.148136,0.247905,0.537779,0
0.014947,0.571245,0.556002,0.0894933,0.314961,0.0238822,0.203513,0.264785,0.588151,0
0.000663,0.431676,0.0109359,0.1457037,0.865978,0.0240064,0.271463,0.450561,0.731342,1
0.0312826,0.578621,0.632354,0.0853008,0.947189,0.0240542,0.214451,0.233141,0.867514,0
0.001137,0.421788,0.377409,0.0982466,0.651592,0.0241916,0.183275,0.339739,0.887696,1
0.0002913,0.528935,0.254095,0.1131738,0.334961,0.0242899,0.176591,0.394164,0.614528,1
0.0026229,0.563773,0.352126,0.0888742,0.40425,0.0243154,0.222993,0.321656,0.847362,1
0.001709,0.547986,0.281509,0.223525,0.865978,0.0245256,0.214263,0.241434,0.809644,1
0.0003057,0.506563,0.245515,0.0573574,0.334961,0.0245829,0.225432,0.278666,0.671454,1
0,0.355388,0.261978,0.0837692,0.651592,0.0246089,0.37012,0.22708,0.836993,1
0.0067282,0.390816,0.814321,0.1317661,0.334961,0.0246785,0.136254,0.379362,0.474251,1
0.0069161,0.605972,0.505899,0.0955395,0.334961,0.0247331,0.171049,0.225133,0.631026,1
0.0115437,0.642035,0.473869,0.0870751,0.651592,0.0253887,0.211162,0.433431,0.917737,1
0.0027735,0.364599,0.233695,0.212892,0.865978,0.0254652,0.199879,0.44203,0.720405,1
0.0007267,0.653301,0.357476,0.1457422,0.40425,0.0254811,0.262458,0.254693,0.870939,1
0.0002625,0.651526,0.163549,0.1136284,0.651592,0.0258315,0.190618,0.404292,0.991234,1
0.0010015,0.612325,0.0983698,0.358917,0.865978,0.0258575,0.263796,0.432623,0.638333,1
0.0001749,0.218662,0.520029,0.0824338,0.967189,0.025978,0.291358,0.336829,0.814273,1
0.0057677,0.65344,0.487371,0.0716007,0.687692,0.0266532,0.205336,0.265013,1.004347,1
0.0126325,0.615474,0.201714,0.0861246,0.845978,0.0266915,0.249185,0.251484,0.702024,0
0.0086367,0.519251,0.382752,0.0842327,0.687692,0.0267589,0.264933,0.367273,0.936982,1
0.0040995,0.742395,0.239165,0.098298,0.219831,0.0267615,0.199126,0.269319,0.947708,1
0.0028197,0.630914,0.15967,0.243847,0.865978,0.0267844,0.211909,0.45093,0.486456,1
0.0027961,0.657742,0.483624,0.0887338,0.314961,0.0268762,0.193665,0.268739,0.48083,0
0.0032397,0.439663,0.493029,0.0790457,0.967189,0.0270546,0.172243,0.327421,0.821932,1
0,0.69719,0.417052,0.0674198,0.967189,0.0272557,0.179387,0.298937,0.940987,1
0.0939381,0.242101,0.824979,0.0929793,0.468383,0.0274495,0.189926,0.252514,0.316467,0
0.0051071,0.8592,0.565049,0.0897267,0.865978,0.0274628,0.218637,0.270151,0.4476,1
0.0087675,0.559105,0.395029,0.084769,0.199831,0.0275323,0.202075,0.245102,0.936541,0
0.0049346,0.755284,0.250277,0.0980884,0.40425,0.0276598,0.272512,0.388191,0.87134,1
0.002716,0.374067,0.271854,0.0798255,0.865978,0.0280483,0.227459,0.227229,0.724018,1
0.0046006,0.629363,0.301504,0.205454,0.865978,0.0281667,0.211917,0.39583,0.6416,1
0.0819109,0.840087,0.253808,0.1415853,0.199831,0.0285707,0.404244,0.261602,0.923362,0
0.0004248,0.468404,0.14066,0.0978744,0.334961,0.0286599,0.242972,0.231,0.687473,1
0.0134266,0.779999,0.46604,0.1033964,0.687692,0.0290102,0.154206,0.361427,1.001376,1
0.0115105,0.715797,0.413958,0.1011023,0.967189,0.0296669,0.179685,0.271588,0.908521,1
0.0278441,0.680539,0.458135,0.0904629,0.615049,0.0297556,0.154945,0.262863,0.387088,0
0.0002009,0.592277,0.276315,0.1144715,0.334961,0.0306156,0.323875,0.397858,0.620581,1
0.0000934,0.163588,0.0760072,0.1145986,0.844665,0.0308513,0.377988,0.459308,0.356788,0
0.0029652,0.58341,0.341885,0.1171291,0.334961,0.0309755,0.18693,0.412873,0.720616,1
0.0145243,0.627995,0.840717,0.0876462,0.314961,0.0313099,0.22452,0.223679,0.660179,0
0.0197314,0.218129,0.578474,0.1110197,0.139426,0.0313099,0.223976,0.300187,0.64964,1
0.0013493,0.529174,0.180627,0.162925,0.865978,0.0318323,0.240642,0.389217,0.821757,1
0.0016878,0.343978,0.133323,0.154536,0.865978,0.032068,0.237995,0.402955,0.725984,1
0.0057715,0.583787,0.344506,0.1182709,0.219831,0.0322241,0.166105,0.372553,0.945828,1
0.0030521,0.392836,0.60281,0.1316505,0.139426,0.0322527,0.141348,0.367839,0.484264,1
0.0279057,0.384326,0.26236,0.0845362,0.38425,0.0326732,0.279183,0.228364,0.813027,0
0,0.428268,0.209625,0.151828,0.967189,0.032877,0.277038,0.391802,0.861683,1
0.000702,0.687425,0.500875,0.0862479,0.947189,0.0328897,0.219226,0.249086,0.939444,0
0.0045253,0.513087,0.822216,0.0845186,0.40425,0.0333521,0.185454,0.277024,0.898831,1
0.0001667,0.528557,0.288532,0.1415765,0.865978,0.0337911,0.213426,0.410927,0.80806,1
0.0009847,0.357354,0.270752,0.275972,0.334961,0.0338267,0.215575,0.430882,0.648868,1
0.0025609,0.643065,0.367595,0.0867837,0.631592,0.0338803,0.196286,0.219298,0.86459,0
0.000841,0.491615,0.583852,0.090774,0.615049,0.0344409,0.17575,0.270998,0.511455,0
0.0521815,0.701431,0.534586,0.0856943,0.38425,0.0346161,0.257189,0.238728,0.848891,0
0,0.505113,0.670688,0.165918,0.844665,0.0346702,0.154972,0.229654,0.37176,1
0.0032325,0.649577,0.369696,0.0887193,0.845978,0.0353328,0.196072,0.275552,0.580923,0
0,0.210976,0.684676,0.162347,0.139426,0.0357627,0.180612,0.409739,0.611196,1
0.0375839,0.302915,0.441477,0.0873533,0.119426,0.0367884,0.234746,0.226228,0.624959,0
0.0006021,0.33856,0.0453637,0.252478,0.334961,0.036903,0.229242,0.42475,0.662168,1
0.0046622,0.583858,0.322872,0.0885262,0.631592,0.0372215,0.356903,0.255262,0.920737,0
0.0017987,0.851387,0.468625,0.112643,0.1115633,0.0380943,0.318923,0.383868,0.785075,1
0.0061525,0.476598,0.752902,0.0922653,0.687692,0.0384611,0.165824,0.279314,1.001231,1
0.0342806,0.75325,0.63328,0.0900552,0.40533,0.0388555,0.199965,0.284859,0.309593,0
0.0012134,0.524814,0.256071,0.229501,0.651592,0.0404932,0.217431,0.440621,0.852705,1
0.0390831,0.50802,0.449461,0.0903,0.314961,0.0412221,0.368224,0.265865,0.51703,0
0.0093928,0.559707,0.379342,0.0894414,0.845978,0.0412253,0.251341,0.281052,0.496135,0
0.0282623,0.719727,0.868766,0.07515,0.651592,0.0417604,0.105212,0.300438,0.954912,1
0.0191536,0.508112,0.51028,0.0860965,0.38425,0.0420757,0.234083,0.250692,0.792181,0
0.0028974,0.392836,0.33648,0.1316505,0.139426,0.0429484,0.399472,0.367839,0.484264,1
0.0015351,0.673334,0.229367,0.086209,0.631592,0.0443594,0.297069,0.246026,0.872643,0
0.0004997,0.44264,0.237591,0.1294498,0.334961,0.044653,0.211361,0.420839,0.653611,1
0.0014913,0.488456,0.727745,0.1057698,0.967189,0.0459743,0.148459,0.342303,0.841381,1
0.0028063,0.586473,0.481897,0.1179659,0.219831,0.0474108,0.20044,0.422623,0.908723,1
0.0251541,0.533328,0.684681,0.0966657,0.40425,0.0474527,0.173996,0.27694,0.894312,1
0.0116614,0.740091,0.405826,0.0911635,0.845978,0.0475764,0.159924,0.274606,0.459966,0
0.034079,0.61719,0.541907,0.0893259,0.230083,0.0478663,0.19486,0.32905,0.937864,1
0.0212781,0.550323,0.299963,0.1005869,0.334961,0.0493633,0.258284,0.323049,0.719906,1
0.0005028,0.476273,0.0163115,0.0627611,0.334961,0.0504908,0.353819,0.274253,0.753505,1
0.0156411,0.434139,0.772216,0.0866217,0.947189,0.0537524,0.122111,0.251708,0.841573,0
0.0004046,0.592943,0.208452,0.1280996,0.865978,0.0560776,0.215573,0.449034,0.811387,1
0.0037565,0.398196,0.405339,0.1313289,0.350882,0.056619,0.159971,0.360097,0.688442,1
0.002423,0.535685,0.272664,0.1403633,0.865978,0.0567114,0.227359,0.271446,0.838766,1
0.0171701,0.521292,0.281727,0.144888,0.865978,0.0571005,0.226257,0.344398,0.651106,1
0.013263,0.521292,0.166615,0.144888,0.865978,0.057247,0.22261,0.344398,0.651106,1
0.0209098,0.792654,0.314105,0.088011,0.1115633,0.0576638,0.581625,0.348417,0.841827,1
0.0743851,0.390957,0.707697,0.0746098,0.687692,0.0584574,0.183412,0.308539,0.964418,1
0.0004874,0.364599,0.249464,0.326142,0.865978,0.0604476,0.209765,0.451109,0.71809,1
0.0369767,0.744072,0.654347,0.186166,0.40425,0.061951,0.193841,0.417332,0.872852,1
0.0521288,0.793265,0.568122,0.0881204,0.845978,0.0621707,0.290316,0.247131,0.426744,0
0.0018288,0.494893,0.539499,0.1104695,0.651592,0.0623491,0.209019,0.433999,0.98631,1
0.0174997,0.622614,0.554041,0.0933178,0.687692,0.0650023,0.249664,0.351691,0.995917,1
0.0291255,0.371084,0.382497,0.1231587,0.334961,0.0653718,0.182766,0.321677,0.661861,1
0.0084635,0.164387,0.762461,0.185148,0.139426,0.0657031,0.185098,0.384064,0.552712,1
0.0020698,0.443098,0.568136,0.1438547,0.334961,0.0666267,0.234934,0.406967,0.738078,1
0.0394891,0.283077,0.825386,0.0904893,0.119426,0.0669899,0.189855,0.228278,0.619048,0
0.002371,0.578424,0.203093,0.1370886,0.651592,0.0677798,0.269517,0.43015,0.994185,1
0.0001438,0.412535,0.0478634,0.198312,0.845978,0.0691462,0.227646,0.484156,0.612612,0
0.0014348,0.226137,0.166315,0.0917513,0.844665,0.0699775,0.324088,0.337,0.355315,0
0.0205528,0.788782,0.209976,0.160389,0.865978,0.0721375,0.182773,0.445332,0.46789,1
0.0030959,0.430232,0.426665,0.1112358,0.334961,0.0772842,0.199014,0.223149,0.73453,1
0.0017583,0.655227,0.247833,0.1151629,0.1115633,0.0779308,0.235098,0.413872,0.856011,1
0.0021389,0.578424,0.334448,0.1308954,0.651592,0.0781665,0.240838,0.305197,0.995286,1
0.0010203,0.456697,0.250819,0.1048911,0.40425,0.0819796,0.209587,0.422249,0.869583,1
0.000651,0.453634,0.151177,0.1232445,0.865978,0.0833965,0.240758,0.437229,0.73398,1
0.010802,0.362943,0.182087,0.1183013,0.350882,0.0842278,0.187274,0.37383,0.693473,1
0,0.407899,0.401627,0.227513,0.334961,0.0858459,0.180881,0.232204,0.739354,1
0.0141221,0.458615,0.675525,0.205454,0.865978,0.0864516,0.202161,0.238099,0.666694,1
0.0119582,0.388456,0.288359,0.1375367,0.139426,0.0867632,0.204918,0.391582,0.725529,1
0.0322266,0.514752,0.487239,0.1032667,0.334961,0.0868205,0.199944,0.392018,0.739454,1
0.0036401,0.432262,0.425896,0.1272305,0.334961,0.0896107,0.219636,0.413697,0.736378,1
0.0003536,0.351158,0.102966,0.167444,0.651592,0.0917548,0.278398,0.196368,0.836135,1
0.000244,0.538642,0.112755,0.1317424,0.687692,0.0936718,0.20199,0.415106,1.007448,1
0.0018921,0.493766,0.0682939,0.179641,0.865978,0.0944553,0.310001,0.445421,0.810804,1
0.0013113,0.421184,0.503428,0.1474003,0.334961,0.0949617,0.208415,0.40745,0.737998,1
0.006889,0.639839,0.281145,0.152279,0.865978,0.0997941,0.214307,0.391004,0.644648,1
0.000752,0.598444,0.13045,0.134019,0.865978,0.1088112,0.197563,0.379465,0.65363,1
0.0027437,0.372277,0.246604,0.27736,0.865978,0.111024,0.230692,0.274494,0.707022,1
0.0096605,0.543234,0.0911052,0.230142,0.865978,0.111547,0.208419,0.242842,0.811993,1
0.0001143,0.554291,0.327566,0.1095671,0.651592,0.114283,0.188464,0.243475,0.97846,1
0.0002221,0.561506,0.0510246,0.824394,1.019924,0.116783,0.308311,0.577103,0.325671,1
0.0047354,0.390668,0.359695,0.1232414,0.350882,0.117073,0.197093,0.388998,0.709131,1
0.0058307,0.438725,0.507191,0.0636015,0.40425,0.1182106,0.45539,0.231273,0.877574,1
0.0067282,0.407899,0.266397,0.1495651,0.334961,0.119589,0.246106,0.227618,0.739636,1
0.0229895,0.58901,0.604484,0.092566,0.687692,0.122548,0.141184,0.280243,1.01469,1
0.0302869,0.421788,0.88166,0.0926148,0.651592,0.126893,0.149863,0.275335,0.887779,1
0.0005908,0.543234,0.389582,0.27962,0.865978,0.128899,0.26935,0.449325,0.8117,1
0.006809,0.380843,0.294682,0.1458729,0.350882,0.139337,0.300379,0.385026,0.723672,1
0.0007318,0.442364,0.466236,0.241204,1.019924,0.142009,0.204188,0.5677,0.326683,1
0.0119911,0.602911,0.483153,0.1439487,0.334961,0.146654,0.200323,0.429945,0.490322,1
0.0007759,0.49136,0.346291,0.437994,0.844665,0.149695,0.249907,0.32936,0.36702,1
0.0142296,0.375186,0.274212,0.1304881,0.350882,0.167952,0.340452,0.380222,0.738019,1
0.0245352,0.78118,0.569634,0.0805674,0.1115633,0.211611,0.144538,0.331702,0.776154,1
